Invoice ID,Gender,Product line,Quantity,Spend,Predicted_Gender,Date
750-67-8428,1,Health and beauty,7,548.9715,1,1/5/19
226-31-3081,1,Electronic accessories,5,80.22,1,3/8/19
631-41-3108,0,Home and lifestyle,7,340.5255,0,3/3/19
123-19-1176,0,Health and beauty,8,489.048,0,1/27/19
373-73-7910,0,Sports and travel,7,634.3785,0,2/8/19
699-14-3026,0,Electronic accessories,7,627.6165,0,3/25/19
355-53-5943,1,Electronic accessories,6,433.692,1,2/25/19
315-22-5665,1,Home and lifestyle,10,772.38,1,2/24/19
665-32-9167,1,Health and beauty,2,76.146,1,1/10/19
692-92-5582,1,Food and beverages,3,172.746,1,2/20/19
351-62-0822,1,Fashion accessories,4,60.816,1,2/6/19
529-56-3974,0,Electronic accessories,4,107.142,0,3/9/19
365-64-0515,1,Electronic accessories,5,246.4875,1,2/12/19
252-56-2699,0,Food and beverages,10,453.495,0,2/7/19
829-34-3910,1,Health and beauty,10,749.49,1,3/29/19
299-46-1805,1,Sports and travel,6,590.436,1,1/15/19
656-95-9349,1,Health and beauty,7,506.6355,1,3/11/19
765-26-6951,0,Sports and travel,6,457.443,0,1/1/19
329-62-1586,0,Food and beverages,3,172.2105,0,1/21/19
319-50-3348,1,Home and lifestyle,2,84.63,1,3/11/19
300-71-4605,0,Electronic accessories,5,451.71,0,2/25/19
371-85-5789,0,Health and beauty,3,277.137,0,3/5/19
273-16-6619,0,Home and lifestyle,2,69.72,0,3/15/19
636-48-8204,0,Electronic accessories,5,181.44,0,2/17/19
549-59-1358,0,Sports and travel,3,279.1845,0,3/2/19
227-03-5010,1,Home and lifestyle,8,441.756,1,3/22/19
649-29-6775,0,Fashion accessories,1,35.196,0,2/8/19
189-17-4241,1,Fashion accessories,2,184.107,1,3/10/19
145-94-9061,1,Food and beverages,5,463.89,1,1/25/19
848-62-7243,0,Health and beauty,9,235.2105,0,3/15/19
871-79-8483,0,Fashion accessories,5,494.1825,0,2/25/19
149-71-6266,0,Sports and travel,9,737.7615,0,1/28/19
640-49-2076,0,Sports and travel,8,703.752,0,1/10/19
595-11-5460,0,Health and beauty,2,202.818,0,3/15/19
183-56-6882,1,Food and beverages,4,417.564,1,2/6/19
232-16-2483,1,Sports and travel,1,71.526,1,1/7/19
129-29-8530,0,Sports and travel,5,328.755,0,3/10/19
272-65-1806,1,Electronic accessories,9,575.316,1,1/15/19
333-73-7901,1,Health and beauty,8,461.328,1,3/23/19
777-82-7220,0,Home and lifestyle,8,253.008,0,3/3/19
280-35-5823,1,Home and lifestyle,1,91.056,1,1/17/19
554-53-8700,0,Home and lifestyle,2,117.831,0,2/2/19
354-25-5821,1,Sports and travel,6,435.456,1,2/8/19
228-96-1411,1,Food and beverages,8,829.08,1,3/4/19
617-15-4209,0,Health and beauty,2,32.277,0,3/16/19
132-32-9879,1,Electronic accessories,4,394.632,1,3/9/19
370-41-7321,0,Health and beauty,9,535.7205,0,2/27/19
727-46-3608,1,Food and beverages,9,189.0945,1,2/6/19
669-54-1719,0,Electronic accessories,6,119.259,0,2/10/19
574-22-5561,1,Fashion accessories,10,867.615,1,3/19/19
326-78-5178,0,Food and beverages,7,671.79,0,2/3/19
162-48-8011,1,Food and beverages,5,234.0975,1,2/10/19
616-24-2851,1,Fashion accessories,4,75.054,1,3/22/19
778-71-5554,0,Fashion accessories,1,16.2015,0,1/25/19
242-55-6721,0,Home and lifestyle,2,33.936,0,3/7/19
399-46-5918,1,Electronic accessories,8,722.232,1,2/28/19
106-35-6779,0,Home and lifestyle,2,93.114,0,3/27/19
635-40-6220,0,Health and beauty,8,752.64,0,2/7/19
817-48-8732,1,Home and lifestyle,10,759.675,1,1/20/19
120-06-4233,0,Electronic accessories,6,192.843,0,3/12/19
285-68-5083,1,Sports and travel,3,77.931,1,2/15/19
803-83-5989,0,Home and lifestyle,6,351.099,0,2/24/19
347-34-2234,1,Sports and travel,9,520.4115,1,2/3/19
199-75-8169,0,Sports and travel,10,166.005,0,3/6/19
853-23-2453,0,Health and beauty,4,318.108,0,2/14/19
877-22-3308,0,Health and beauty,10,166.635,0,3/13/19
838-78-4295,1,Health and beauty,2,70.287,1,2/10/19
109-28-2512,1,Fashion accessories,6,614.943,1,1/7/19
232-11-3025,0,Sports and travel,10,827.085,0,1/24/19
382-03-4532,1,Health and beauty,1,19.2465,1,2/2/19
393-65-2792,0,Food and beverages,10,939.54,0,1/6/19
796-12-2025,0,Fashion accessories,10,652.26,0,2/11/19
510-95-6347,1,Food and beverages,3,152.838,1,3/5/19
841-35-6630,1,Electronic accessories,6,478.233,1,3/9/19
287-21-9091,0,Home and lifestyle,9,705.6315,0,1/22/19
732-94-0499,1,Electronic accessories,10,437.325,1,1/13/19
263-10-3913,0,Fashion accessories,9,463.428,0,1/9/19
381-20-0914,1,Fashion accessories,9,189.0945,1,1/12/19
829-49-1914,1,Food and beverages,10,822.255,1,3/5/19
756-01-7507,1,Health and beauty,5,106.995,1,1/22/19
870-72-4431,1,Health and beauty,6,624.897,1,1/21/19
847-38-7188,1,Food and beverages,3,304.542,1,1/26/19
480-63-2856,0,Food and beverages,8,161.7,0,1/23/19
787-56-0757,1,Food and beverages,4,337.512,1,2/23/19
360-39-5055,0,Sports and travel,5,256.7775,0,3/9/19
730-50-9884,1,Sports and travel,7,610.491,1,3/5/19
362-58-8315,0,Fashion accessories,5,401.73,0,3/25/19
633-44-8566,0,Food and beverages,7,362.943,0,3/27/19
504-35-8843,0,Sports and travel,1,44.5935,0,1/2/19
318-68-5053,1,Health and beauty,6,485.037,1,2/27/19
565-80-5980,1,Home and lifestyle,4,198.996,1,1/23/19
225-32-0908,1,Sports and travel,10,471.03,1,1/26/19
873-51-0671,1,Sports and travel,7,161.553,1,1/10/19
152-08-9985,0,Health and beauty,9,608.202,0,3/12/19
512-91-0811,0,Health and beauty,1,94.2375,0,2/6/19
594-34-4444,0,Electronic accessories,1,102.018,0,3/8/19
766-85-7061,0,Health and beauty,10,922.635,0,3/29/19
871-39-9221,1,Electronic accessories,6,78.435,1,2/9/19
865-92-6136,0,Food and beverages,3,166.1625,0,3/23/19
733-01-9107,0,Home and lifestyle,6,521.01,0,3/5/19
163-56-7055,0,Fashion accessories,1,51.1455,0,3/26/19
189-98-2939,0,Fashion accessories,9,742.2975,0,3/1/19
551-21-3069,1,Electronic accessories,9,218.0115,1,2/1/19
212-62-1842,0,Food and beverages,6,367.038,0,3/28/19
716-39-1409,0,Health and beauty,7,223.0725,0,3/19/19
704-48-3927,0,Electronic accessories,10,931.035,0,1/12/19
628-34-3388,0,Fashion accessories,6,172.494,0,1/5/19
630-74-5166,0,Sports and travel,6,391.419,0,3/22/19
588-01-7461,1,Food and beverages,9,321.111,1,3/24/19
861-77-0145,0,Electronic accessories,10,860.685,0,3/3/19
479-26-8945,1,Sports and travel,2,34.629,1,2/5/19
210-67-5886,1,Health and beauty,3,309.3615,1,2/5/19
227-78-1148,1,Fashion accessories,7,535.374,1,2/15/19
645-44-1170,0,Home and lifestyle,9,548.7615,0,1/19/19
237-01-6122,1,Home and lifestyle,9,763.4655,1,2/1/19
225-98-1496,1,Fashion accessories,3,85.113,1,3/2/19
291-32-1427,0,Fashion accessories,5,115.185,0,3/5/19
659-65-8956,0,Fashion accessories,1,53.928,0,1/16/19
642-32-2990,1,Food and beverages,10,115.08,1,2/2/19
378-24-2715,0,Home and lifestyle,2,112.224,0,1/20/19
638-60-7125,1,Electronic accessories,8,836.304,1,2/14/19
659-36-1684,0,Sports and travel,7,419.832,0,1/12/19
219-22-9386,0,Sports and travel,9,944.622,0,3/9/19
336-78-2147,0,Home and lifestyle,8,536.844,0,3/13/19
268-27-6179,1,Fashion accessories,8,474.348,1,3/9/19
668-90-8900,1,Home and lifestyle,7,688.6215,1,3/10/19
870-54-3162,1,Sports and travel,5,169.3125,1,1/27/19
189-08-9157,1,Fashion accessories,9,299.8485,1,1/8/19
663-86-9076,1,Food and beverages,8,575.736,1,1/8/19
549-84-7482,1,Sports and travel,9,853.146,1,2/8/19
191-10-6171,1,Fashion accessories,7,291.207,1,1/25/19
802-70-5316,1,Sports and travel,6,580.419,1,3/6/19
695-51-0018,1,Sports and travel,4,146.328,1,2/10/19
590-83-4591,0,Electronic accessories,6,550.935,0,2/17/19
483-71-1164,1,Health and beauty,6,512.19,1,3/8/19
597-78-7908,0,Fashion accessories,3,284.193,0,2/18/19
700-81-1757,1,Electronic accessories,5,138.1275,1,1/18/19
354-39-5160,1,Home and lifestyle,6,216.846,1,2/18/19
241-72-9525,0,Sports and travel,10,545.055,0,2/16/19
575-30-8091,0,Sports and travel,8,609,0,3/16/19
731-81-9469,1,Sports and travel,10,942.9,1,1/23/19
280-17-4359,0,Health and beauty,10,950.25,0,1/25/19
338-65-2210,1,Health and beauty,10,720.3,1,2/5/19
488-25-4221,1,Food and beverages,1,31.9305,1,2/22/19
239-10-7476,1,Home and lifestyle,6,491.085,1,1/21/19
458-41-1477,1,Health and beauty,6,291.438,1,3/8/19
685-64-1609,1,Fashion accessories,10,316.47,1,2/10/19
568-90-5112,0,Health and beauty,4,277.788,0,3/19/19
262-47-2794,0,Home and lifestyle,8,603.624,0,3/6/19
238-49-0436,0,Health and beauty,8,272.664,0,3/27/19
608-96-3517,1,Fashion accessories,4,384.468,1,3/23/19
584-86-7256,0,Sports and travel,7,254.016,0,3/11/19
746-94-0204,0,Fashion accessories,9,786.618,0,1/29/19
214-17-6927,1,Food and beverages,6,103.824,1,2/7/19
400-89-4171,1,Sports and travel,8,680.148,1,1/28/19
782-95-9291,0,Food and beverages,5,484.5225,0,2/20/19
279-74-2924,0,Electronic accessories,1,75.7785,0,1/4/19
307-85-2293,0,Home and lifestyle,5,263.97,0,3/7/19
743-04-1105,0,Health and beauty,9,918.729,0,3/30/19
423-57-2993,0,Sports and travel,6,588.357,0,3/27/19
894-41-5205,1,Food and beverages,8,362.712,1,1/19/19
275-28-0149,0,Sports and travel,1,66.8745,0,2/25/19
101-17-6199,0,Food and beverages,7,336.5565,0,3/13/19
423-80-0988,0,Sports and travel,2,160.44,0,1/30/19
548-46-9322,0,Food and beverages,10,418.95,0,2/20/19
505-02-0892,0,Health and beauty,8,357.588,0,2/25/19
234-65-2137,0,Home and lifestyle,10,1003.59,0,1/16/19
687-47-8271,0,Fashion accessories,10,1039.29,0,2/8/19
796-32-9050,0,Food and beverages,6,323.064,0,1/19/19
105-31-1824,0,Sports and travel,7,510.972,0,2/1/19
249-42-3782,0,Health and beauty,5,367.5525,0,1/3/19
316-55-4634,0,Food and beverages,5,420.2625,0,1/26/19
733-33-4967,0,Electronic accessories,8,175.14,0,3/3/19
608-27-6295,0,Electronic accessories,6,333.207,0,1/19/19
414-12-7047,0,Food and beverages,8,166.236,0,1/18/19
827-26-2100,0,Home and lifestyle,9,319.788,0,3/21/19
175-54-2529,0,Food and beverages,8,186.228,0,3/3/19
139-52-2867,1,Fashion accessories,7,165.4485,1,2/13/19
407-63-8975,0,Food and beverages,6,465.444,0,3/23/19
342-65-4817,0,Health and beauty,3,273.42,0,1/28/19
130-98-8941,0,Fashion accessories,7,472.311,0,2/9/19
434-83-9547,0,Food and beverages,8,323.148,0,1/23/19
851-28-6367,0,Sports and travel,10,162.75,0,3/23/19
824-88-3614,0,Health and beauty,8,288.204,0,1/25/19
586-25-0848,1,Sports and travel,7,90.699,1,3/4/19
895-66-0685,0,Food and beverages,3,56.952,0,3/5/19
305-14-0245,1,Home and lifestyle,8,793.716,1,3/3/19
732-04-5373,0,Home and lifestyle,4,195.174,0,2/8/19
400-60-7251,0,Home and lifestyle,1,77.7735,0,2/10/19
593-65-1552,1,Home and lifestyle,4,293.202,1,1/28/19
284-34-9626,1,Home and lifestyle,3,242.676,1,2/11/19
437-58-8131,1,Fashion accessories,2,154.392,1,1/15/19
286-43-6208,1,Food and beverages,9,829.71,1,3/16/19
641-43-2399,0,Home and lifestyle,4,107.31,0,1/26/19
831-07-6050,0,Electronic accessories,5,171.7275,0,3/19/19
556-86-3144,1,Fashion accessories,1,78.0045,1,1/13/19
848-24-9445,0,Health and beauty,2,91.77,0,3/26/19
856-22-8149,1,Home and lifestyle,1,26.5545,1,3/23/19
699-01-4164,0,Health and beauty,4,174.3,0,3/12/19
420-11-4919,1,Food and beverages,5,374.7975,1,2/17/19
606-80-4905,1,Sports and travel,6,120.645,1,1/29/19
542-41-0513,1,Electronic accessories,4,241.458,1,3/15/19
426-39-2418,0,Electronic accessories,7,451.3635,0,1/14/19
875-46-5808,0,Health and beauty,10,271.95,0,2/6/19
394-43-4238,0,Home and lifestyle,5,93.2925,0,2/15/19
749-24-1565,1,Health and beauty,9,217.6335,1,1/3/19
672-51-8681,1,Electronic accessories,9,629.8425,1,1/4/19
263-87-5680,1,Home and lifestyle,10,299.565,1,3/18/19
573-58-9734,1,Fashion accessories,3,95.6655,1,3/28/19
817-69-8206,1,Electronic accessories,9,942.4485,1,3/2/19
888-02-0338,0,Electronic accessories,9,247.8735,0,1/25/19
677-11-0152,1,Food and beverages,9,881.307,1,1/16/19
142-63-6033,0,Home and lifestyle,5,484.89,0,3/20/19
656-16-1063,0,Sports and travel,3,146.223,0,1/4/19
891-58-8335,1,Sports and travel,7,217.6335,1,3/11/19
802-43-8934,0,Home and lifestyle,1,19.194,0,3/22/19
560-30-5617,1,Sports and travel,5,130.0425,1,3/24/19
319-74-2561,1,Electronic accessories,3,298.116,1,2/21/19
549-03-9315,0,Fashion accessories,8,796.908,0,2/12/19
790-29-1172,1,Food and beverages,3,180.621,1,3/10/19
239-36-3640,0,Electronic accessories,6,285.705,0,1/31/19
468-01-2051,0,Food and beverages,7,456.288,0,3/6/19
389-25-3394,0,Electronic accessories,5,62.0025,0,2/17/19
279-62-1445,1,Fashion accessories,1,13.167,1,2/21/19
213-72-6612,0,Food and beverages,2,90.825,0,3/20/19
746-68-6593,1,Sports and travel,2,183.036,1,1/11/19
836-82-5858,0,Health and beauty,9,655.5465,0,1/26/19
583-72-1480,0,Electronic accessories,4,155.652,0,1/31/19
466-61-5506,1,Electronic accessories,6,571.41,1,2/26/19
721-86-6247,1,Home and lifestyle,8,532.728,1,3/11/19
289-65-5721,1,Fashion accessories,2,170.877,1,1/26/19
545-46-3100,1,Electronic accessories,3,33.3585,1,3/12/19
418-02-5978,1,Health and beauty,9,794.6505,1,2/11/19
269-04-5750,0,Fashion accessories,4,310.044,0,2/21/19
157-13-5295,0,Health and beauty,10,545.37,0,3/9/19
645-78-8093,1,Sports and travel,2,195.594,1,1/20/19
211-30-9270,0,Health and beauty,5,91.4025,0,1/28/19
755-12-3214,1,Fashion accessories,5,232.155,1,3/5/19
346-84-3103,1,Electronic accessories,5,69.405,1,3/2/19
478-06-7835,0,Fashion accessories,1,94.1745,0,1/11/19
540-11-4336,0,Food and beverages,9,235.683,0,1/11/19
448-81-5016,0,Health and beauty,2,125.517,0,3/11/19
142-72-4741,0,Fashion accessories,2,195.72,0,2/28/19
217-58-1179,0,Home and lifestyle,4,263.13,0,1/5/19
376-02-8238,0,Home and lifestyle,8,788.508,0,2/2/19
530-90-9855,0,Home and lifestyle,8,399.756,0,1/1/19
866-05-7563,1,Electronic accessories,3,256.41,1,2/9/19
604-70-6476,0,Fashion accessories,5,94.185,0,1/23/19
799-71-1548,0,Electronic accessories,4,326.424,0,1/7/19
785-13-7708,0,Food and beverages,7,536.991,0,1/14/19
845-51-0542,0,Food and beverages,9,439.8975,0,2/2/19
662-47-5456,0,Fashion accessories,10,369.495,0,3/17/19
883-17-4236,1,Sports and travel,2,30.219,1,3/2/19
290-68-2984,0,Home and lifestyle,4,99.75,0,3/16/19
704-11-6354,0,Home and lifestyle,8,494.76,0,1/6/19
110-48-7033,0,Fashion accessories,4,137.004,0,1/29/19
366-93-0948,0,Electronic accessories,1,69.6675,0,1/31/19
729-09-9681,0,Home and lifestyle,6,163.233,0,2/5/19
151-16-1484,0,Electronic accessories,4,135.45,0,2/13/19
380-94-4661,0,Electronic accessories,4,276.948,0,2/7/19
850-41-9669,1,Electronic accessories,9,709.317,1,3/19/19
821-07-3596,1,Fashion accessories,4,69.09,1,3/7/19
655-85-5130,1,Fashion accessories,4,160.86,1,3/13/19
447-15-7839,1,Sports and travel,10,233.52,1,2/9/19
154-74-7179,0,Sports and travel,1,57.1725,0,2/26/19
253-12-6086,1,Sports and travel,7,723.24,1,3/12/19
808-65-0703,0,Home and lifestyle,4,148.974,0,3/14/19
571-94-0759,1,Food and beverages,10,783.3,1,1/8/19
144-51-6085,0,Home and lifestyle,4,297.108,0,1/5/19
731-14-2199,1,Home and lifestyle,10,373.17,1,1/4/19
783-09-1637,1,Sports and travel,5,354.0075,1,3/6/19
687-15-1097,1,Health and beauty,2,44.352,1,1/3/19
126-54-1082,1,Home and lifestyle,9,203.553,1,1/7/19
633-91-1052,1,Home and lifestyle,2,25.263,1,1/27/19
477-24-6490,1,Health and beauty,6,628.173,1,2/26/19
566-19-5475,0,Fashion accessories,7,352.5795,0,1/7/19
526-86-8552,1,Home and lifestyle,10,229.11,1,1/7/19
376-56-3573,1,Fashion accessories,4,400.764,1,2/2/19
537-72-0426,0,Fashion accessories,10,745.395,0,3/20/19
828-61-5674,0,Sports and travel,10,462.21,0,3/20/19
136-08-6195,1,Home and lifestyle,8,587.664,1,2/15/19
523-38-0215,0,Home and lifestyle,1,38.85,0,3/6/19
490-29-1201,1,Sports and travel,1,16.107,1,1/6/19
667-92-0055,0,Health and beauty,6,628.929,0,3/4/19
565-17-3836,1,Health and beauty,4,200.214,1,3/12/19
498-41-1961,0,Health and beauty,5,350.07,0,2/20/19
593-95-4461,0,Home and lifestyle,1,78.603,0,3/24/19
226-71-3580,1,Sports and travel,9,224.4375,1,1/31/19
283-79-9594,1,Food and beverages,7,356.5485,1,1/25/19
430-60-3493,1,Home and lifestyle,7,697.368,1,2/3/19
139-20-0155,0,Electronic accessories,10,423.15,0,1/24/19
558-80-4082,0,Electronic accessories,7,204.6975,0,3/14/19
278-97-7759,1,Electronic accessories,1,65.604,1,2/18/19
316-68-6352,1,Food and beverages,2,76.356,1,1/21/19
585-03-5943,0,Health and beauty,10,190.155,0,3/13/19
211-05-0490,1,Electronic accessories,5,272.58,1,3/3/19
727-75-6477,0,Electronic accessories,4,121.128,0,3/29/19
744-02-5987,0,Home and lifestyle,6,493.794,0,1/10/19
307-83-9164,0,Home and lifestyle,4,252.042,0,1/25/19
779-06-0012,1,Home and lifestyle,1,93.0405,1,1/19/19
446-47-6729,0,Fashion accessories,2,209.622,0,1/2/19
573-10-3877,0,Health and beauty,1,40.9605,0,3/12/19
735-06-4124,0,Food and beverages,1,51.0405,0,2/25/19
439-54-7422,1,Electronic accessories,4,214.998,1,3/18/19
396-90-2219,1,Electronic accessories,8,125.664,1,2/23/19
411-77-0180,0,Electronic accessories,7,530.67,0,3/26/19
286-01-5402,1,Sports and travel,7,295.6905,1,3/30/19
803-17-8013,1,Home and lifestyle,8,745.836,1,2/17/19
512-98-1403,1,Electronic accessories,3,83.412,1,3/21/19
848-42-2560,1,Fashion accessories,2,172.011,1,3/5/19
532-59-7201,0,Sports and travel,6,503.559,0,1/31/19
181-94-6432,0,Fashion accessories,2,145.593,0,2/5/19
870-76-1733,1,Food and beverages,5,74.7075,1,2/1/19
423-64-4619,1,Health and beauty,9,146.9475,1,3/7/19
227-07-4446,1,Electronic accessories,10,820.365,1,2/10/19
174-36-3675,0,Food and beverages,2,208.677,0,2/14/19
428-83-5800,1,Food and beverages,3,66.402,1,2/9/19
603-07-0961,0,Electronic accessories,5,392.6475,0,1/10/19
704-20-4138,1,Health and beauty,7,218.0745,1,3/11/19
787-15-1757,0,Health and beauty,4,185.094,0,2/18/19
649-11-3678,1,Food and beverages,9,216.6885,1,2/26/19
622-20-1945,1,Health and beauty,1,41.391,1,1/18/19
372-94-8041,0,Health and beauty,6,96.138,0,2/15/19
563-91-7120,1,Fashion accessories,5,324.2925,1,3/8/19
746-54-5508,0,Home and lifestyle,6,135.576,0,1/17/19
276-54-0879,0,Sports and travel,4,410.508,0,3/12/19
815-11-1168,0,Food and beverages,5,523.845,0,3/9/19
719-76-3868,0,Food and beverages,4,395.892,0,3/12/19
730-61-8757,0,Health and beauty,4,214.746,0,1/25/19
340-66-0321,0,Electronic accessories,4,152.712,0,3/25/19
868-81-1752,0,Home and lifestyle,9,208.089,0,2/7/19
634-97-8956,0,Food and beverages,3,103.635,0,2/17/19
566-71-1091,0,Fashion accessories,5,404.355,0,2/3/19
442-48-3607,0,Food and beverages,2,49.308,0,3/14/19
835-16-0096,0,Sports and travel,5,77.175,0,3/24/19
527-09-6272,1,Electronic accessories,5,149.3625,1,3/21/19
898-04-2717,0,Fashion accessories,9,721.98,0,3/19/19
692-27-8933,1,Sports and travel,6,365.085,1,2/24/19
633-09-3463,1,Electronic accessories,3,150.0975,1,3/28/19
374-17-3652,1,Food and beverages,9,404.649,1,2/5/19
378-07-7001,0,Electronic accessories,3,151.4835,0,2/10/19
433-75-6987,1,Health and beauty,7,411.3795,1,3/5/19
873-95-4984,1,Health and beauty,7,565.215,1,2/15/19
416-13-5917,1,Food and beverages,5,509.4075,1,1/30/19
150-89-8043,0,Sports and travel,3,140.6475,0,2/14/19
135-84-8019,1,Fashion accessories,9,736.4385,1,2/27/19
441-94-7118,0,Electronic accessories,1,75.5475,0,2/4/19
725-96-3778,1,Home and lifestyle,8,749.7,1,1/20/19
531-80-1784,0,Electronic accessories,7,191.247,0,3/28/19
400-45-1220,1,Health and beauty,10,141.75,1,2/27/19
860-79-0874,1,Fashion accessories,10,1042.65,1,2/15/19
834-61-8124,0,Electronic accessories,7,379.9215,0,1/26/19
115-99-4379,1,Fashion accessories,7,402.2655,1,3/14/19
565-67-6697,0,Home and lifestyle,9,255.15,0,3/2/19
320-49-6392,1,Electronic accessories,1,31.752,1,3/4/19
889-04-9723,1,Food and beverages,4,374.388,1,1/7/19
632-90-0281,1,Fashion accessories,10,394.275,1,3/8/19
554-42-2417,1,Sports and travel,10,1002.12,1,1/9/19
453-63-6187,0,Electronic accessories,3,86.625,0,3/1/19
578-80-7669,0,Sports and travel,1,78.7185,0,3/16/19
612-36-5536,0,Food and beverages,8,680.064,0,2/17/19
605-72-4132,1,Food and beverages,8,793.548,1,2/27/19
471-41-2823,0,Food and beverages,2,209.559,0,3/7/19
462-67-9126,0,Home and lifestyle,6,461.286,0,1/21/19
272-27-9238,1,Food and beverages,4,173.208,1,2/19/19
834-25-9262,1,Fashion accessories,4,343.056,1,1/6/19
122-61-9553,1,Electronic accessories,9,484.974,1,3/14/19
468-88-0009,0,Home and lifestyle,4,276.948,0,3/24/19
613-59-9758,1,Sports and travel,10,150.78,1,1/27/19
254-31-0042,0,Electronic accessories,9,203.175,0,3/6/19
201-86-2184,1,Electronic accessories,7,193.011,1,2/2/19
261-12-8671,1,Fashion accessories,2,128.016,1,1/25/19
730-70-9830,1,Home and lifestyle,6,441.693,1,3/14/19
382-25-8917,0,Fashion accessories,6,265.104,0,1/29/19
422-29-8786,1,Home and lifestyle,5,352.2225,1,1/3/19
667-23-5919,1,Fashion accessories,5,507.675,1,1/14/19
843-01-4703,1,Home and lifestyle,9,334.341,1,1/5/19
743-88-1662,0,Sports and travel,7,701.8515,0,2/22/19
595-86-2894,0,Fashion accessories,4,407.316,0,2/6/19
182-69-8360,1,Electronic accessories,4,99.33,1,1/30/19
289-15-7034,0,Sports and travel,4,345.786,0,1/11/19
462-78-5240,1,Electronic accessories,2,55.881,1,3/19/19
868-52-7573,1,Food and beverages,5,523.3725,1,1/14/19
153-58-4872,1,Food and beverages,4,314.538,1,3/1/19
662-72-2873,1,Food and beverages,5,214.935,1,1/6/19
525-88-7307,0,Sports and travel,1,79.611,0,1/31/19
689-16-9784,0,Food and beverages,6,294.651,0,3/11/19
725-56-0833,1,Health and beauty,10,339.36,1,2/20/19
394-41-0748,1,Fashion accessories,9,510.9615,1,1/27/19
596-42-3999,0,Food and beverages,7,133.917,0,3/10/19
541-89-9860,1,Fashion accessories,3,253.512,1,2/15/19
173-82-9529,1,Fashion accessories,10,398.475,1,1/26/19
563-36-9814,0,Electronic accessories,1,80.661,0,2/13/19
308-47-4913,1,Sports and travel,10,548.73,1,3/9/19
885-17-6250,1,Health and beauty,1,83.727,1,3/6/19
726-27-2396,1,Health and beauty,5,406.875,1,1/24/19
316-01-3952,1,Food and beverages,5,284.9175,1,3/13/19
760-54-1821,0,Home and lifestyle,9,128.4255,0,3/15/19
793-10-3222,1,Health and beauty,6,258.678,1,3/5/19
346-12-3257,0,Electronic accessories,9,181.818,0,3/4/19
110-05-6330,1,Food and beverages,6,248.409,1,3/25/19
651-61-0874,0,Home and lifestyle,4,194.124,0,3/12/19
236-86-3015,0,Home and lifestyle,1,14.679,0,2/4/19
831-64-0259,1,Fashion accessories,5,208.6875,1,2/22/19
587-03-7455,1,Fashion accessories,7,718.7565,1,2/16/19
882-40-4577,0,Sports and travel,4,282.492,0,1/19/19
732-67-5346,0,Food and beverages,5,72.3975,0,1/11/19
725-32-9708,1,Fashion accessories,4,288.582,1,1/4/19
256-08-8343,1,Home and lifestyle,4,237.426,1,3/4/19
372-26-1506,1,Fashion accessories,5,125.055,1,1/28/19
244-08-0162,1,Health and beauty,10,359.205,1,1/2/19
569-71-4390,0,Sports and travel,2,45.927,0,1/25/19
132-23-6451,0,Health and beauty,5,110.0925,0,1/4/19
696-90-2548,0,Sports and travel,3,81.396,0,3/10/19
472-15-9636,0,Home and lifestyle,8,427.812,0,3/22/19
268-03-6164,0,Health and beauty,1,100.9155,0,1/25/19
750-57-9686,1,Home and lifestyle,4,190.596,1,1/8/19
186-09-3669,1,Health and beauty,1,85.5855,1,1/22/19
848-07-1692,1,Health and beauty,2,120.162,1,1/12/19
745-71-3520,1,Electronic accessories,7,185.367,1,2/4/19
266-76-6436,1,Food and beverages,3,121.59,1,3/28/19
740-22-2500,1,Electronic accessories,3,264.7575,1,1/23/19
271-88-8734,1,Fashion accessories,10,1020.705,1,2/8/19
301-81-8610,0,Fashion accessories,8,213.528,0,3/19/19
489-64-4354,0,Fashion accessories,1,17.094,0,3/9/19
198-84-7132,0,Fashion accessories,9,383.7645,0,1/2/19
269-10-8440,0,Health and beauty,7,390.7995,0,1/21/19
650-98-6268,1,Food and beverages,3,65.7405,1,3/20/19
741-73-3559,0,Sports and travel,5,353.1675,0,2/27/19
325-77-6186,1,Home and lifestyle,10,951.825,1,3/8/19
286-75-7818,0,Fashion accessories,2,145.068,0,1/31/19
574-57-9721,0,Food and beverages,2,90.867,0,3/8/19
459-50-7686,1,Electronic accessories,6,147.798,1,1/13/19
616-87-0016,0,Fashion accessories,7,702.219,0,3/9/19
837-55-7229,1,Fashion accessories,1,49.812,1,2/22/19
751-69-0068,0,Sports and travel,9,937.818,0,3/19/19
257-73-1380,0,Sports and travel,4,348.306,0,1/20/19
345-08-4992,0,Home and lifestyle,6,214.137,0,3/8/19
549-96-4200,0,Food and beverages,4,71.568,0,3/8/19
810-60-6344,1,Electronic accessories,8,343.224,1,2/7/19
450-28-2866,0,Food and beverages,5,91.56,0,1/15/19
394-30-3170,1,Sports and travel,8,742.812,1,3/22/19
138-17-5109,1,Home and lifestyle,9,843.0345,1,1/15/19
192-98-7397,0,Fashion accessories,1,13.419,0,1/8/19
301-11-9629,1,Sports and travel,7,140.385,1,1/15/19
390-80-5128,1,Health and beauty,1,20.1075,1,1/28/19
235-46-8343,0,Food and beverages,10,290.43,0,2/14/19
453-12-7053,0,Fashion accessories,3,144.081,0,3/10/19
296-11-7041,1,Health and beauty,1,28.4235,1,1/12/19
449-27-2918,1,Sports and travel,1,41.076,1,3/26/19
891-01-7034,1,Electronic accessories,6,470.673,1,1/1/19
744-09-5786,0,Electronic accessories,6,138.663,0,1/2/19
727-17-0390,1,Food and beverages,5,333.9525,1,3/16/19
568-88-3448,0,Health and beauty,1,26.25,0,3/3/19
187-83-5490,0,Electronic accessories,4,87.234,0,1/31/19
767-54-1907,1,Fashion accessories,5,155.19,1,2/13/19
710-46-4433,1,Food and beverages,9,731.43,1,2/15/19
533-33-5337,0,Electronic accessories,10,833.595,0,2/7/19
325-90-8763,1,Electronic accessories,10,488.985,1,1/27/19
729-46-7422,0,Food and beverages,1,37.6845,0,2/23/19
639-76-1242,0,Food and beverages,5,212.73,0,2/3/19
234-03-4040,1,Food and beverages,10,767.025,1,3/3/19
326-71-2155,1,Sports and travel,4,310.59,1,2/3/19
320-32-8842,1,Food and beverages,1,23.751,1,3/17/19
470-32-9057,0,Food and beverages,5,269.535,0,3/28/19
878-30-2331,1,Sports and travel,10,572.775,1,3/2/19
440-59-5691,1,Health and beauty,7,273.0525,1,2/8/19
554-53-3790,0,Sports and travel,6,233.226,0,3/22/19
746-19-0921,0,Food and beverages,1,22.659,0,2/9/19
233-34-0817,1,Electronic accessories,1,103.782,1,2/15/19
767-05-1286,1,Home and lifestyle,6,527.751,1,1/23/19
340-21-9136,1,Sports and travel,4,168.21,1,1/25/19
405-31-3305,0,Fashion accessories,10,452.865,0,2/2/19
731-59-7531,0,Health and beauty,8,609.588,0,3/30/19
676-39-6028,1,Electronic accessories,5,338.31,1,3/30/19
502-05-1910,0,Health and beauty,3,205.317,0,2/25/19
485-30-8700,1,Sports and travel,5,174.615,1,3/18/19
598-47-9715,0,Electronic accessories,4,353.094,0,3/7/19
701-69-8742,0,Sports and travel,10,360.885,0,3/16/19
575-67-1508,0,Electronic accessories,1,40.53,0,1/29/19
541-08-3113,0,Food and beverages,8,554.148,0,2/2/19
246-11-3901,1,Electronic accessories,10,344.4,1,2/15/19
674-15-9296,0,Sports and travel,5,194.985,0,1/8/19
305-18-3552,0,Home and lifestyle,10,633.99,0,2/12/19
493-65-6248,1,Sports and travel,10,388.29,1,1/1/19
438-01-4015,1,Sports and travel,4,207.858,1,3/21/19
709-58-4068,1,Fashion accessories,10,431.445,1,2/28/19
795-49-7276,0,Fashion accessories,4,156.03,0,3/23/19
556-72-8512,0,Home and lifestyle,1,24.108,0,1/30/19
627-95-3243,1,Home and lifestyle,9,734.076,1,2/4/19
686-41-0932,1,Fashion accessories,2,72.87,1,3/13/19
510-09-5628,1,Fashion accessories,10,206.43,1,3/15/19
608-04-3797,1,Health and beauty,8,212.688,1,3/5/19
148-82-2527,1,Home and lifestyle,10,127.26,1,3/5/19
437-53-3084,0,Fashion accessories,2,209.769,0,2/26/19
632-32-4574,0,Sports and travel,8,637.728,0,3/20/19
556-97-7101,1,Electronic accessories,2,132.762,1,1/1/19
862-59-8517,1,Food and beverages,6,568.512,1,1/27/19
401-18-8016,1,Sports and travel,1,103.0365,1,1/21/19
420-18-8989,1,Sports and travel,8,432.768,1,2/2/19
277-63-2961,0,Sports and travel,1,77.6685,0,2/3/19
573-98-8548,1,Fashion accessories,1,33.495,1,1/5/19
620-02-2046,0,Home and lifestyle,2,145.74,0,1/27/19
282-35-2475,1,Sports and travel,2,195.951,1,3/25/19
511-54-3087,0,Sports and travel,1,92.8725,0,2/25/19
726-29-6793,0,Electronic accessories,8,203.112,0,1/28/19
387-49-4215,1,Sports and travel,3,152.775,1,1/8/19
862-17-9201,1,Food and beverages,6,529.515,1,1/29/19
291-21-5991,0,Health and beauty,5,321.7725,0,3/29/19
602-80-9671,1,Home and lifestyle,6,100.485,1,2/9/19
347-72-6115,1,Sports and travel,7,666.939,1,1/16/19
209-61-0206,1,Home and lifestyle,5,225.2775,1,1/5/19
595-27-4851,1,Fashion accessories,7,398.958,1,1/27/19
189-52-0236,0,Electronic accessories,7,731.6925,0,3/14/19
503-07-0930,0,Sports and travel,7,429.1665,0,2/23/19
413-20-6708,1,Fashion accessories,1,54.0435,1,3/18/19
425-85-2085,0,Health and beauty,5,288.015,0,3/29/19
521-18-7827,0,Home and lifestyle,5,206.7975,0,1/22/19
220-28-1851,0,Home and lifestyle,2,72.933,0,3/1/19
600-38-9738,0,Sports and travel,5,377.58,0,1/17/19
734-91-1155,1,Electronic accessories,3,143.9865,1,3/26/19
451-28-5717,1,Home and lifestyle,6,523.971,1,3/20/19
609-81-8548,1,Home and lifestyle,6,235.872,1,2/6/19
133-14-7229,0,Health and beauty,2,132.027,0,1/1/19
534-01-4457,0,Food and beverages,6,514.773,0,1/27/19
719-89-8991,1,Sports and travel,5,479.9025,1,2/25/19
286-62-6248,0,Fashion accessories,4,164.682,0,1/16/19
339-38-9982,0,Fashion accessories,2,125.706,0,1/13/19
827-44-5872,1,Food and beverages,10,570.78,1,2/7/19
827-77-7633,0,Sports and travel,9,926.9505,0,2/17/19
287-83-1405,0,Health and beauty,6,160.209,0,2/12/19
435-13-4908,0,Fashion accessories,8,728.112,0,1/24/19
857-67-9057,0,Electronic accessories,10,240.975,0,2/6/19
236-27-1144,1,Food and beverages,9,154.1295,1,3/26/19
892-05-6689,1,Home and lifestyle,5,148.68,1,3/11/19
583-41-4548,0,Home and lifestyle,7,122.5245,0,2/7/19
339-12-4827,1,Fashion accessories,1,77.658,1,1/5/19
643-38-7867,0,Home and lifestyle,1,102.837,0,3/7/19
308-81-0538,1,Fashion accessories,4,306.81,1,2/25/19
358-88-9262,1,Food and beverages,6,551.124,1,2/1/19
460-35-4390,0,Home and lifestyle,3,96.642,0,1/22/19
343-87-0864,0,Health and beauty,1,79.674,0,1/3/19
173-50-1108,1,Sports and travel,4,84.756,1,2/13/19
243-47-2663,0,Electronic accessories,6,118.251,0,1/28/19
841-18-8232,1,Food and beverages,1,74.76,1,1/5/19
701-23-5550,0,Home and lifestyle,4,163.002,0,3/19/19
647-50-1224,1,Fashion accessories,10,308.91,1,1/12/19
541-48-8554,0,Sports and travel,9,575.9775,0,1/7/19
539-21-7227,1,Sports and travel,5,270.585,1,1/26/19
213-32-1216,1,Electronic accessories,6,416.178,1,1/23/19
747-58-7183,0,Fashion accessories,3,180.4005,0,2/9/19
582-52-8065,1,Fashion accessories,9,513.2295,1,2/22/19
210-57-1719,1,Health and beauty,9,550.368,1,2/5/19
399-69-4630,0,Electronic accessories,6,139.923,0,3/7/19
134-75-2619,0,Electronic accessories,7,142.002,0,3/25/19
356-44-8813,0,Home and lifestyle,3,118.062,0,1/20/19
198-66-9832,1,Fashion accessories,2,151.284,1,2/4/19
283-26-5248,1,Food and beverages,10,1034.46,1,1/30/19
712-39-0363,0,Food and beverages,6,262.458,0,1/2/19
218-59-9410,1,Home and lifestyle,3,228.123,1,3/29/19
174-75-0888,0,Electronic accessories,9,203.931,0,3/14/19
866-99-7614,0,Food and beverages,10,936.6,0,2/11/19
134-54-4720,1,Electronic accessories,8,356.328,1,1/30/19
760-90-2357,0,Electronic accessories,6,469.413,0,3/20/19
514-37-2845,0,Fashion accessories,2,208.425,0,3/20/19
698-98-5964,1,Food and beverages,10,852.705,1,1/17/19
718-57-9773,1,Sports and travel,10,517.965,1,2/3/19
651-88-7328,1,Fashion accessories,9,621.243,1,1/1/19
241-11-2261,1,Fashion accessories,7,586.971,1,1/10/19
408-26-9866,1,Sports and travel,7,543.753,1,3/2/19
834-83-1826,1,Home and lifestyle,5,430.71,1,2/25/19
343-61-3544,0,Sports and travel,10,280.035,0,1/29/19
239-48-4278,0,Food and beverages,7,74.4555,0,3/10/19
355-34-6244,0,Food and beverages,2,152.019,0,1/13/19
550-84-8664,0,Sports and travel,5,451.0275,0,3/22/19
339-96-8318,0,Fashion accessories,7,597.6285,0,3/1/19
458-61-0011,0,Food and beverages,4,253.26,0,2/20/19
592-34-6155,0,Food and beverages,4,133.434,0,1/14/19
797-88-0493,1,Health and beauty,4,269.934,0,3/26/19
207-73-1363,0,Health and beauty,2,145.971,0,3/1/19
390-31-6381,0,Food and beverages,3,85.743,0,1/7/19
443-82-0585,1,Health and beauty,4,326.256,0,2/1/19
339-18-7061,1,Fashion accessories,2,195.258,0,2/13/19
359-90-3665,1,Fashion accessories,4,75.936,0,1/14/19
375-72-3056,0,Sports and travel,3,198.639,0,1/19/19
127-47-6963,0,Health and beauty,4,217.182,0,3/9/19
278-86-2735,1,Food and beverages,3,164.871,0,3/27/19
695-28-6250,1,Sports and travel,5,226.065,0,2/4/19
379-17-6588,0,Fashion accessories,10,625.905,0,3/14/19
227-50-3718,0,Health and beauty,5,76.755,0,3/4/19
302-15-2162,0,Health and beauty,6,293.139,0,3/3/19
788-07-8452,1,Home and lifestyle,7,178.164,0,1/27/19
560-49-6611,1,Sports and travel,1,47.859,0,2/7/19
880-35-0356,1,Sports and travel,3,236.88,0,2/5/19
585-11-6748,0,Sports and travel,3,304.92,0,3/15/19
470-31-3286,0,Health and beauty,3,46.683,0,3/1/19
152-68-2907,0,Food and beverages,3,164.43,0,2/15/19
123-35-4896,1,Sports and travel,9,440.937,0,2/17/19
258-69-7810,1,Fashion accessories,5,193.4625,0,1/26/19
334-64-2006,1,Home and lifestyle,2,147.672,0,3/24/19
219-61-4139,0,Electronic accessories,1,87.234,0,1/23/19
881-41-7302,1,Fashion accessories,1,68.2395,0,1/26/19
373-09-4567,0,Food and beverages,10,814.38,0,3/14/19
642-30-6693,1,Sports and travel,6,343.413,0,3/17/19
484-22-8230,1,Fashion accessories,7,381.3915,0,1/8/19
830-58-2383,0,Home and lifestyle,4,133.35,0,2/8/19
559-98-9873,1,Fashion accessories,7,394.3275,0,2/10/19
544-32-5024,1,Food and beverages,4,209.118,0,3/28/19
318-12-0304,0,Fashion accessories,1,32.1405,0,1/23/19
349-97-8902,0,Food and beverages,2,121.569,0,1/17/19
421-95-9805,1,Electronic accessories,1,30.408,0,2/7/19
277-35-5865,1,Food and beverages,9,935.2665,0,3/9/19
789-23-8625,0,Fashion accessories,3,293.643,0,1/24/19
284-54-4231,0,Sports and travel,1,84.9765,0,1/19/19
443-59-0061,0,Food and beverages,10,708.225,0,2/3/19
509-29-3912,1,Sports and travel,9,365.904,0,3/20/19
327-40-9673,0,Sports and travel,6,457.38,0,1/13/19
840-19-2096,0,Electronic accessories,5,461.5275,0,3/14/19
828-46-6863,0,Food and beverages,6,620.739,0,1/23/19
641-96-3695,1,Fashion accessories,6,273.798,0,2/7/19
420-97-3340,1,Food and beverages,3,225.792,0,3/28/19
436-54-4512,1,Food and beverages,1,96.1905,0,3/20/19
670-79-6321,1,Home and lifestyle,7,695.2365,0,1/17/19
852-62-7105,1,Fashion accessories,10,874.125,0,1/12/19
598-06-7312,0,Fashion accessories,1,95.9175,0,2/16/19
135-13-8269,1,Food and beverages,2,165.648,0,1/26/19
816-57-2053,0,Sports and travel,2,127.827,0,3/9/19
628-90-8624,0,Health and beauty,10,867.09,0,3/14/19
856-66-2701,0,Home and lifestyle,3,167.895,0,1/25/19
308-39-1707,1,Fashion accessories,1,12.6945,0,1/26/19
149-61-1929,0,Sports and travel,10,673.995,0,1/19/19
655-07-2265,0,Electronic accessories,3,246.6765,0,3/5/19
589-02-8023,0,Food and beverages,2,175.917,0,1/15/19
420-04-7590,0,Home and lifestyle,3,314.055,0,3/18/19
182-88-2763,0,Food and beverages,3,251.7165,0,3/20/19
188-55-0967,0,Health and beauty,10,697.935,0,1/15/19
610-46-4100,0,Health and beauty,7,212.7825,0,3/3/19
318-81-2368,1,Electronic accessories,1,48.51,0,3/19/19
364-33-8584,1,Food and beverages,5,92.5575,0,3/8/19
665-63-9737,0,Fashion accessories,3,165.123,0,2/27/19
695-09-5146,1,Food and beverages,3,311.1885,0,2/23/19
155-45-3814,1,Electronic accessories,8,743.82,0,3/19/19
794-32-2436,0,Electronic accessories,2,116.907,0,3/27/19
131-15-8856,1,Food and beverages,8,609.168,0,3/30/19
273-84-2164,0,Electronic accessories,5,63.2625,0,2/16/19
706-36-6154,0,Home and lifestyle,9,182.952,0,1/18/19
778-89-7974,0,Health and beauty,6,442.323,0,3/30/19
574-31-8277,0,Fashion accessories,1,35.3115,0,3/20/19
859-71-0933,1,Sports and travel,2,32.529,0,1/16/19
740-11-5257,0,Electronic accessories,10,259.77,0,2/24/19
369-82-2676,0,Electronic accessories,5,397.215,0,1/15/19
563-47-4072,1,Health and beauty,6,351.603,0,1/22/19
742-04-5161,0,Home and lifestyle,10,764.19,0,2/3/19
149-15-7606,0,Sports and travel,9,352.674,0,3/6/19
133-77-3154,0,Fashion accessories,4,252.756,0,2/16/19
169-52-4504,1,Electronic accessories,3,49.4235,0,3/14/19
250-81-7186,1,Electronic accessories,1,104.6745,0,2/27/19
562-12-5430,1,Fashion accessories,3,277.6725,0,1/18/19
816-72-8853,1,Sports and travel,5,146.6325,0,1/29/19
491-38-3499,0,Fashion accessories,1,58.2225,0,2/26/19
322-02-2271,1,Sports and travel,3,135.3555,0,2/3/19
842-29-4695,0,Sports and travel,7,125.979,0,1/16/19
725-67-2480,1,Fashion accessories,6,370.125,0,3/24/19
641-51-2661,1,Food and beverages,10,914.55,0,2/12/19
714-02-3114,1,Sports and travel,2,207.48,0,2/21/19
518-17-2983,1,Fashion accessories,4,204.246,0,2/4/19
779-42-2410,0,Food and beverages,3,181.881,0,2/20/19
190-14-3147,1,Health and beauty,4,75.474,0,2/23/19
408-66-6712,1,Health and beauty,6,300.573,0,2/16/19
679-22-6530,1,Sports and travel,2,85.302,0,1/17/19
588-47-8641,0,Fashion accessories,10,588.42,0,1/14/19
642-61-4706,0,Food and beverages,2,196.14,0,3/30/19
576-31-4774,1,Health and beauty,3,231.2415,0,3/2/19
556-41-6224,0,Health and beauty,8,282.576,0,2/15/19
811-03-8790,1,Electronic accessories,10,477.54,0,3/1/19
242-11-3142,0,Fashion accessories,2,175.917,0,2/24/19
752-23-3760,1,Sports and travel,7,470.988,0,2/19/19
274-05-5470,1,Food and beverages,4,308.574,0,2/23/19
648-94-3045,0,Health and beauty,10,618.975,0,2/7/19
130-67-4723,0,Food and beverages,6,305.55,0,1/11/19
528-87-5606,1,Electronic accessories,1,41.454,0,2/12/19
320-85-2052,1,Sports and travel,1,36.5505,0,1/14/19
370-96-0655,1,Fashion accessories,6,310.716,0,1/9/19
105-10-6182,0,Fashion accessories,2,45.108,0,2/27/19
510-79-0415,1,Sports and travel,6,145.404,0,1/24/19
241-96-5076,1,Home and lifestyle,2,103.11,0,1/8/19
767-97-4650,1,Sports and travel,2,136.143,0,1/8/19
648-83-1321,0,Home and lifestyle,10,667.38,0,1/16/19
173-57-2300,0,Sports and travel,2,153.048,0,3/13/19
305-03-2383,1,Food and beverages,3,211.365,0,2/15/19
394-55-6384,1,Sports and travel,9,663.2955,0,1/25/19
266-20-6657,0,Food and beverages,7,404.544,0,3/12/19
689-05-1884,0,Health and beauty,10,510.615,0,3/4/19
196-01-2849,1,Fashion accessories,7,539.343,0,2/10/19
372-62-5264,1,Food and beverages,9,497.07,0,1/16/19
800-09-8606,1,Home and lifestyle,5,458.6925,0,1/29/19
182-52-7000,1,Sports and travel,4,113.568,0,1/1/19
826-58-8051,0,Home and lifestyle,4,261.198,0,1/6/19
868-06-0466,0,Electronic accessories,9,657.531,0,2/19/19
751-41-9720,0,Home and lifestyle,10,1023.75,0,1/12/19
626-43-7888,1,Fashion accessories,8,507.444,0,2/7/19
176-64-7711,0,Food and beverages,3,101.808,0,3/27/19
191-29-0321,1,Fashion accessories,10,207.585,0,2/27/19
729-06-2010,0,Health and beauty,9,760.4415,0,1/6/19
640-48-5028,1,Home and lifestyle,9,835.2855,0,3/2/19
186-79-9562,0,Health and beauty,7,527.5095,0,3/29/19
834-45-5519,1,Electronic accessories,4,180.6,0,1/31/19
162-65-8559,0,Food and beverages,1,72.429,0,1/21/19
760-27-5490,0,Fashion accessories,8,131.208,0,1/20/19
445-30-9252,0,Sports and travel,3,80.955,0,1/17/19
786-94-2700,0,Food and beverages,6,507.906,0,2/28/19
728-88-7867,1,Home and lifestyle,4,317.226,0,3/19/19
183-21-3799,1,Electronic accessories,9,733.6035,0,2/19/19
268-20-3585,1,Health and beauty,9,130.8825,0,2/4/19
735-32-9839,0,Fashion accessories,8,829.08,0,1/31/19
258-92-7466,1,Health and beauty,5,187.32,0,2/6/19
857-16-3520,1,Fashion accessories,7,525.231,0,3/28/19
482-17-1179,0,Electronic accessories,3,37.611,0,1/19/19
788-21-5741,0,Fashion accessories,3,142.947,0,2/17/19
821-14-9046,1,Fashion accessories,6,110.124,0,1/18/19
418-05-0656,1,Fashion accessories,7,187.866,0,2/2/19
678-79-0726,1,Sports and travel,9,856.4535,0,1/18/19
776-68-1096,0,Home and lifestyle,3,138.978,0,3/18/19
592-46-1692,1,Food and beverages,7,270.2595,0,1/11/19
434-35-9162,0,Food and beverages,4,98.028,0,2/4/19
149-14-0304,1,Health and beauty,8,239.4,0,2/6/19
442-44-6497,0,Home and lifestyle,3,175.0455,0,1/8/19
174-64-0215,0,Sports and travel,10,732.27,0,3/5/19
210-74-9613,0,Fashion accessories,4,408.492,0,3/16/19
299-29-0180,1,Home and lifestyle,7,383.523,0,3/9/19
247-11-2470,1,Fashion accessories,4,93.744,0,3/1/19
635-28-5728,0,Health and beauty,3,176.4,0,2/28/19
756-49-0168,0,Fashion accessories,1,20.685,0,2/8/19
438-23-1242,0,Electronic accessories,7,557.718,0,1/24/19
238-45-6950,0,Food and beverages,1,56.406,0,3/1/19
607-65-2441,0,Health and beauty,10,860.475,0,3/10/19
386-27-7606,1,Home and lifestyle,7,596.82,0,3/23/19
137-63-5492,0,Electronic accessories,10,616.98,0,1/29/19
197-77-7132,0,Electronic accessories,8,769.104,0,1/12/19
805-86-0265,0,Home and lifestyle,9,887.922,0,3/20/19
733-29-1227,0,Home and lifestyle,7,408.7335,0,3/23/19
451-73-2711,0,Food and beverages,1,89.0715,0,1/14/19
373-14-0504,1,Sports and travel,2,150.423,0,2/12/19
546-80-2899,0,Home and lifestyle,2,79.149,0,2/20/19
345-68-9016,1,Sports and travel,8,266.028,0,1/2/19
390-17-5806,1,Food and beverages,1,40.341,0,2/2/19
457-13-1708,0,Fashion accessories,10,684.915,0,1/8/19
664-14-2882,1,Home and lifestyle,5,55.2825,0,1/30/19
487-79-6868,1,Home and lifestyle,9,116.1405,0,3/26/19
314-23-4520,0,Health and beauty,7,597.0405,0,1/15/19
210-30-7976,1,Fashion accessories,4,93.744,0,3/14/19
585-86-8361,1,Food and beverages,5,143.22,0,2/3/19
807-14-7833,1,Electronic accessories,10,182.91,0,2/22/19
775-72-1988,0,Home and lifestyle,5,384.72,0,1/24/19
288-38-3758,1,Fashion accessories,3,267.3405,0,1/25/19
652-43-6591,1,Fashion accessories,8,817.236,0,3/9/19
785-96-0615,1,Electronic accessories,8,300.216,0,2/17/19
406-46-7107,1,Home and lifestyle,6,608.076,0,1/11/19
250-17-5703,0,Food and beverages,10,197.925,0,2/27/19
156-95-3964,1,Food and beverages,4,232.638,0,3/25/19
842-40-8179,1,Food and beverages,10,810.6,0,2/11/19
525-09-8450,0,Electronic accessories,10,757.365,0,1/31/19
410-67-1709,1,Fashion accessories,8,536.592,0,1/20/19
587-73-4862,1,Health and beauty,5,56.1225,0,3/26/19
787-87-2010,0,Health and beauty,4,233.1,0,1/20/19
593-14-4239,1,Home and lifestyle,8,801.864,0,3/5/19
801-88-0346,1,Fashion accessories,3,239.589,0,1/5/19
388-76-2555,0,Sports and travel,6,86.247,0,2/13/19
711-31-1234,1,Electronic accessories,4,401.688,0,3/16/19
886-54-6089,1,Home and lifestyle,6,72.009,0,1/15/19
707-32-7409,1,Sports and travel,4,401.268,0,2/26/19
759-98-4285,1,Health and beauty,7,631.1445,0,2/27/19
201-63-8275,1,Sports and travel,7,499.7265,0,2/17/19
471-06-8611,1,Food and beverages,1,55.041,0,2/6/19
200-16-5952,0,Food and beverages,2,137.865,0,1/17/19
120-54-2248,1,Food and beverages,5,151.515,0,1/22/19
102-77-2261,0,Health and beauty,7,480.0285,0,3/5/19
875-31-8302,0,Sports and travel,1,98.049,0,1/3/19
102-06-2002,0,Sports and travel,5,132.5625,0,3/20/19
457-94-0464,0,Electronic accessories,9,830.3715,0,1/31/19
629-42-4133,0,Health and beauty,8,183.12,0,2/19/19
534-53-3526,1,Sports and travel,4,397.992,0,2/11/19
307-04-2070,1,Fashion accessories,1,32.151,0,2/5/19
468-99-7231,1,Home and lifestyle,8,369.684,0,3/3/19
516-77-6464,1,Health and beauty,5,53.34,0,2/24/19
404-91-5964,0,Electronic accessories,7,548.163,0,2/4/19
886-77-9084,0,Electronic accessories,8,603.876,0,2/19/19
790-38-4466,1,Health and beauty,5,57.6975,0,1/23/19
704-10-4056,0,Health and beauty,3,190.4805,0,1/14/19
497-37-6538,0,Sports and travel,7,432.9885,0,1/17/19
651-96-5970,0,Fashion accessories,1,48.7305,0,3/3/19
400-80-4065,0,Health and beauty,4,287.91,0,2/15/19
744-16-7898,1,Home and lifestyle,10,1022.385,0,1/15/19
263-12-5321,0,Electronic accessories,7,680.61,0,2/27/19
702-72-0487,1,Electronic accessories,2,97.881,0,2/26/19
605-83-1050,0,Fashion accessories,2,57.078,0,3/15/19
443-60-9639,1,Home and lifestyle,1,63.9135,0,1/24/19
864-24-7918,1,Sports and travel,10,257.145,0,2/22/19
359-94-5395,0,Health and beauty,1,97.419,0,3/15/19
401-09-4232,0,Home and lifestyle,5,455.1225,0,2/11/19
751-15-6198,0,Sports and travel,6,144.963,0,1/12/19
324-41-6833,1,Electronic accessories,8,253.68,0,3/3/19
474-33-8305,0,Fashion accessories,7,495.3165,0,3/23/19
759-29-9521,1,Fashion accessories,9,462.672,0,3/4/19
831-81-6575,1,Electronic accessories,9,714.3255,0,2/23/19
220-68-6701,1,Home and lifestyle,4,325.374,0,3/17/19
618-34-8551,1,Sports and travel,2,195.678,0,1/16/19
257-60-7754,1,Electronic accessories,4,210.966,0,1/8/19
559-61-5987,1,Health and beauty,1,18.6375,0,1/14/19
189-55-2313,1,Fashion accessories,10,652.89,0,1/31/19
565-91-4567,0,Health and beauty,8,90.3,0,3/15/19
380-60-5336,1,Electronic accessories,10,422.73,0,2/24/19
815-04-6282,1,Sports and travel,5,341.0925,0,2/8/19
674-56-6360,0,Electronic accessories,1,99.9075,0,3/22/19
778-34-2523,1,Electronic accessories,8,408.408,0,1/24/19
499-27-7781,1,Food and beverages,8,446.964,0,3/14/19
477-59-2456,1,Fashion accessories,7,333.984,0,1/23/19
832-51-6761,0,Food and beverages,8,284.592,0,1/19/19
869-11-3082,0,Health and beauty,4,403.872,0,1/27/19
190-59-3964,0,Food and beverages,5,247.59,0,2/3/19
366-43-6862,0,Electronic accessories,4,222.138,0,3/25/19
186-43-8965,1,Home and lifestyle,2,100.128,0,2/24/19
784-21-9238,0,Sports and travel,1,10.6785,0,2/7/19
276-75-6884,1,Health and beauty,3,216.4365,0,3/4/19
109-86-4363,1,Sports and travel,7,441.588,0,2/14/19
569-76-2760,1,Sports and travel,4,92.442,0,1/29/19
222-42-0244,1,Health and beauty,9,681.4395,0,1/28/19
760-53-9233,0,Fashion accessories,3,130.032,0,3/26/19
538-22-0304,0,Electronic accessories,10,681.975,0,3/24/19
416-17-9926,1,Electronic accessories,10,779.31,0,1/1/19
237-44-6163,0,Electronic accessories,8,88.704,0,1/24/19
636-17-0325,0,Health and beauty,4,262.794,0,2/25/19
343-75-9322,1,Sports and travel,8,99.54,0,1/9/19
528-14-9470,0,Health and beauty,1,95.865,0,2/14/19
427-45-9297,1,Home and lifestyle,7,299.3655,0,3/12/19
807-34-3742,0,Fashion accessories,1,54.999,0,3/26/19
288-62-1085,0,Fashion accessories,5,202.335,0,1/9/19
670-71-7306,0,Sports and travel,6,281.169,0,1/2/19
660-29-7083,0,Electronic accessories,10,586.635,0,1/15/19
271-77-8740,1,Sports and travel,6,184.086,0,1/1/19
497-36-0989,0,Fashion accessories,3,163.611,0,2/15/19
291-59-1384,0,Electronic accessories,1,63.315,0,2/28/19
860-73-6466,1,Sports and travel,2,82.887,0,3/2/19
549-23-9016,1,Food and beverages,2,31.227,0,2/13/19
896-34-0956,0,Fashion accessories,1,22.386,0,1/26/19
804-38-3935,0,Electronic accessories,3,295.407,0,1/30/19
585-90-0249,0,Electronic accessories,1,76.923,0,1/27/19
862-29-5914,1,Sports and travel,1,23.499,0,1/30/19
845-94-6841,1,Food and beverages,9,688.716,0,1/8/19
125-45-2293,1,Fashion accessories,6,624.33,0,1/19/19
843-73-4724,0,Fashion accessories,1,77.805,0,1/25/19
409-33-9708,1,Fashion accessories,2,206.808,0,2/19/19
658-66-3967,0,Health and beauty,7,390.9465,0,1/14/19
866-70-2814,1,Electronic accessories,10,554.295,0,2/25/19
160-22-2687,1,Health and beauty,5,503.7375,0,1/23/19
895-03-6665,1,Fashion accessories,9,345.0195,0,2/16/19
770-42-8960,0,Food and beverages,8,177.408,0,1/1/19
748-45-2862,1,Home and lifestyle,4,118.902,0,3/7/19
234-36-2483,0,Health and beauty,6,362.817,0,2/15/19
316-66-3011,1,Food and beverages,9,450.1035,0,1/23/19
848-95-6252,1,Home and lifestyle,1,90.5835,0,2/20/19
840-76-5966,0,Sports and travel,2,26.796,0,1/8/19
152-03-4217,1,Home and lifestyle,9,106.596,0,3/17/19
533-66-5566,1,Home and lifestyle,7,375.3645,0,1/12/19
124-31-1458,1,Electronic accessories,3,250.7085,0,1/8/19
176-78-1170,0,Health and beauty,3,106.5015,0,1/26/19
361-59-0574,0,Sports and travel,8,760.452,0,3/15/19
101-81-4070,1,Health and beauty,2,131.922,0,1/17/19
631-34-1880,0,Food and beverages,3,76.5765,0,1/8/19
852-82-2749,0,Sports and travel,4,271.278,0,1/6/19
873-14-6353,0,Food and beverages,7,182.427,0,2/16/19
584-66-4073,0,Fashion accessories,1,59.325,0,3/13/19
544-55-9589,1,Electronic accessories,10,225.015,0,1/28/19
166-19-2553,0,Sports and travel,6,561.078,0,1/18/19
737-88-5876,0,Home and lifestyle,4,97.818,0,3/19/19
154-87-7367,0,Home and lifestyle,8,548.184,0,3/15/19
885-56-0389,0,Fashion accessories,1,54.9675,0,2/12/19
608-05-3804,0,Electronic accessories,1,41.7375,0,2/25/19
448-61-3783,1,Electronic accessories,8,756.168,0,3/21/19
761-49-0439,1,Electronic accessories,8,101.64,0,1/19/19
490-95-0021,1,Food and beverages,10,348.705,0,1/8/19
115-38-7388,1,Fashion accessories,8,85.512,0,3/30/19
311-13-6971,0,Sports and travel,10,335.895,0,2/20/19
291-55-6563,1,Home and lifestyle,6,216.846,0,3/30/19
548-48-3156,1,Food and beverages,2,175.014,0,3/19/19
460-93-5834,0,Sports and travel,7,335.013,0,1/13/19
325-89-4209,0,Food and beverages,1,92.295,0,2/5/19
884-80-6021,1,Electronic accessories,10,771.435,0,3/23/19
137-74-8729,1,Fashion accessories,8,102.396,0,3/13/19
880-46-5796,0,Sports and travel,10,807.66,0,3/17/19
389-70-2397,1,Health and beauty,5,439.215,0,2/21/19
114-35-5271,1,Electronic accessories,8,486.444,0,2/7/19
607-76-6216,1,Fashion accessories,5,485.5725,0,3/2/19
715-20-1673,0,Electronic accessories,5,148.995,0,3/6/19
811-35-1094,0,Electronic accessories,6,317.835,0,2/6/19
699-88-1972,0,Health and beauty,8,832.944,0,1/28/19
781-84-8059,0,Fashion accessories,7,446.439,0,1/18/19
409-49-6995,1,Food and beverages,6,297.801,0,2/5/19
725-54-0677,0,Health and beauty,7,629.16,0,3/2/19
146-09-5432,0,Food and beverages,9,331.128,0,2/9/19
377-79-7592,1,Electronic accessories,9,423.738,0,1/14/19
509-10-0516,0,Home and lifestyle,4,193.074,0,2/9/19
595-94-9924,1,Health and beauty,5,145.5825,0,3/26/19
865-41-9075,0,Food and beverages,7,84.7455,0,1/28/19
545-07-8534,1,Health and beauty,2,122.472,0,2/14/19
118-62-1812,1,Home and lifestyle,4,329.196,0,3/24/19
450-42-3339,0,Health and beauty,10,888.405,0,2/9/19
851-98-3555,1,Health and beauty,5,435.12,0,3/24/19
186-71-5196,1,Food and beverages,2,167.034,0,3/27/19
624-01-8356,1,Home and lifestyle,10,514.605,0,1/27/19
313-66-9943,1,Food and beverages,3,91.8225,0,3/27/19
151-27-8496,1,Electronic accessories,4,235.746,0,1/19/19
453-33-6436,1,Home and lifestyle,8,782.208,0,2/7/19
522-57-8364,0,Fashion accessories,8,431.256,0,1/31/19
459-45-2396,1,Food and beverages,3,313.74,0,2/25/19
717-96-4189,1,Electronic accessories,6,223.587,0,2/2/19
722-13-2115,0,Sports and travel,1,44.9925,0,3/14/19
749-81-8133,1,Fashion accessories,4,397.614,0,3/11/19
777-67-2495,0,Home and lifestyle,3,217.2555,0,2/22/19
636-98-3364,1,Electronic accessories,3,82.719,0,3/2/19
246-55-6923,1,Home and lifestyle,9,338.2155,0,3/10/19
181-82-6255,1,Home and lifestyle,6,103.131,0,2/8/19
838-02-1821,1,Home and lifestyle,2,26.733,0,2/22/19
887-42-0517,1,Sports and travel,7,611.079,0,1/10/19
457-12-0244,1,Sports and travel,6,221.886,0,3/14/19
226-34-0034,1,Electronic accessories,4,57.876,0,1/10/19
321-49-7382,0,Sports and travel,1,92.7255,0,2/15/19
397-25-8725,1,Health and beauty,9,374.409,0,1/13/19
431-66-2305,1,Electronic accessories,9,833.9625,0,2/15/19
825-94-5922,0,Sports and travel,2,53.151,0,3/2/19
641-62-7288,0,Home and lifestyle,6,629.496,0,3/24/19
756-93-1854,1,Fashion accessories,2,175.035,0,2/2/19
243-55-8457,1,Food and beverages,10,781.62,0,2/27/19
458-10-8612,0,Health and beauty,7,470.988,0,1/20/19
501-61-1753,1,Home and lifestyle,6,397.845,0,1/3/19
235-06-8510,0,Home and lifestyle,3,270.018,0,1/24/19
433-08-7822,1,Health and beauty,7,579.8415,0,1/5/19
361-85-2571,1,Sports and travel,5,469.77,0,3/30/19
131-70-8179,1,Health and beauty,3,290.0835,0,2/17/19
500-02-2261,1,Food and beverages,6,360.927,0,3/21/19
720-72-2436,0,Food and beverages,4,279.384,0,3/2/19
702-83-5291,0,Fashion accessories,9,943.299,0,3/27/19
809-69-9497,1,Home and lifestyle,10,479.64,0,1/19/19
449-16-6770,0,Health and beauty,5,266.6475,0,2/19/19
333-23-2632,0,Health and beauty,7,74.088,0,3/28/19
489-82-1237,1,Electronic accessories,7,690.018,0,1/5/19
859-97-6048,0,Electronic accessories,2,176.925,0,3/26/19
676-10-2200,0,Fashion accessories,1,56.469,0,2/3/19
373-88-1424,0,Home and lifestyle,5,188.0025,0,2/6/19
365-16-4334,1,Food and beverages,8,222.012,0,2/24/19
503-21-4385,0,Health and beauty,3,125.7165,0,2/21/19
305-89-2768,1,Home and lifestyle,3,68.985,0,1/9/19
574-80-1489,1,Food and beverages,4,263.97,0,2/25/19
784-08-0310,1,Food and beverages,4,88.368,0,1/13/19
200-40-6154,0,Home and lifestyle,6,415.233,0,2/9/19
846-10-0341,1,Fashion accessories,7,312.8895,0,1/6/19
577-34-7579,0,Food and beverages,9,477.1305,0,1/10/19
430-02-3888,0,Electronic accessories,6,289.926,0,2/7/19
867-47-1948,1,Home and lifestyle,10,165.9,0,1/9/19
384-59-6655,1,Food and beverages,9,932.337,0,2/19/19
256-58-3609,0,Fashion accessories,1,96.579,0,3/18/19
324-92-3863,0,Electronic accessories,2,43.869,0,2/5/19
593-08-5916,1,Fashion accessories,1,16.275,0,3/19/19
364-34-2972,0,Electronic accessories,3,304.983,0,3/30/19
794-42-3736,0,Food and beverages,2,69.993,0,1/26/19
172-42-8274,1,Electronic accessories,2,80.367,0,3/2/19
558-60-5016,1,Home and lifestyle,9,314.685,0,3/4/19
195-06-0432,0,Home and lifestyle,3,255.1815,0,1/13/19
605-03-2706,1,Health and beauty,3,49.77,0,3/25/19
214-30-2776,1,Electronic accessories,5,181.0725,0,3/11/19
746-04-1077,1,Food and beverages,10,888.615,0,1/1/19
448-34-8700,0,Home and lifestyle,7,271.2885,0,2/10/19
452-04-8808,0,Electronic accessories,7,640.038,0,1/26/19
531-56-4728,0,Home and lifestyle,3,252.252,0,2/11/19
744-82-9138,0,Fashion accessories,2,180.873,0,2/7/19
883-69-1285,0,Fashion accessories,2,104.832,0,3/6/19
221-25-5073,1,Food and beverages,4,313.572,0,3/4/19
518-71-6847,0,Food and beverages,6,167.58,0,2/26/19
156-20-0370,1,Electronic accessories,1,26.7225,0,3/10/19
151-33-7434,1,Food and beverages,1,71.1585,0,2/4/19
728-47-9078,0,Food and beverages,4,250.278,0,1/19/19
809-46-1866,0,Health and beauty,4,244.23,0,1/23/19
139-32-4183,1,Sports and travel,9,921.186,0,3/14/19
148-41-7930,0,Health and beauty,7,734.706,0,1/23/19
189-40-5216,0,Electronic accessories,7,708.3195,0,1/9/19
374-38-5555,1,Fashion accessories,5,334.4775,0,2/7/19
764-44-8999,1,Health and beauty,2,30.996,0,2/18/19
552-44-5977,0,Health and beauty,8,520.8,0,1/3/19
267-62-7380,0,Electronic accessories,10,864.57,0,3/29/19
430-53-4718,0,Health and beauty,8,633.108,0,1/28/19
886-18-2897,1,Food and beverages,5,296.94,0,3/22/19
602-16-6955,1,Sports and travel,10,804.3,0,1/24/19
745-74-0715,0,Electronic accessories,2,121.863,0,3/10/19
690-01-6631,0,Fashion accessories,10,183.645,0,2/22/19
652-49-6720,1,Electronic accessories,1,63.9975,0,2/18/19
233-67-5758,0,Health and beauty,1,42.3675,0,1/29/19
303-96-2227,1,Home and lifestyle,10,1022.49,0,3/2/19
727-02-1313,0,Food and beverages,1,33.432,0,2/9/19
347-56-2442,0,Home and lifestyle,1,69.111,0,2/22/19
849-09-3807,1,Fashion accessories,7,649.299,0,2/18/19